[
  {
    "action": "MOVE",
    "from": "C:\\Users\\ASUS\\Downloads\\10. Dhimas Ardinata - Job5PSD2.docx",
    "to": "C:\\Users\\ASUS\\Downloads\\Documents\\10. Dhimas Ardinata - Job5PSD2.docx"
  },
  {
    "action": "MOVE",
    "from": "C:\\Users\\ASUS\\Downloads\\10. Dhimas Ardinata - Sistel3.docx",
    "to": "C:\\Users\\ASUS\\Downloads\\Documents\\10. Dhimas Ardinata - Sistel3.docx"
  },
  {
    "action": "MOVE",
    "from": "C:\\Users\\ASUS\\Downloads\\10. Dhimas Ardinata - Job5PSD2.pdf",
    "to": "C:\\Users\\ASUS\\Downloads\\Documents\\10. Dhimas Ardinata - Job5PSD2.pdf"
  },
  {
    "action": "MOVE",
    "from": "C:\\Users\\ASUS\\Downloads\\bearssl-0.6.tar.gz",
    "to": "C:\\Users\\ASUS\\Downloads\\Archives\\bearssl-0.6.tar.gz"
  },
  {
    "action": "MOVE",
    "from": "C:\\Users\\ASUS\\Downloads\\10_Dhimas Ardinata Putra Pamungkas - Job5PSD2.docx",
    "to": "C:\\Users\\ASUS\\Downloads\\Documents\\10_Dhimas Ardinata Putra Pamungkas - Job5PSD2.docx"
  },
  {
    "action": "MOVE",
    "from": "C:\\Users\\ASUS\\Downloads\\CH341SER.EXE",
    "to": "C:\\Users\\ASUS\\Downloads\\Executables\\CH341SER.EXE"
  },
  {
    "action": "MOVE",
    "from": "C:\\Users\\ASUS\\Downloads\\Atomic web",
    "to": "C:\\Users\\ASUS\\Downloads\\Projects\\Atomic web"
  },
  {
    "action": "MOVE",
    "from": "C:\\Users\\ASUS\\Downloads\\10. Dhimas Ardinata - Job6PSD2.docx",
    "to": "C:\\Users\\ASUS\\Downloads\\Documents\\10. Dhimas Ardinata - Job6PSD2.docx"
  },
  {
    "action": "MOVE",
    "from": "C:\\Users\\ASUS\\Downloads\\bearssl-0.6",
    "to": "C:\\Users\\ASUS\\Downloads\\Projects\\bearssl-0.6"
  },
  {
    "action": "MOVE",
    "from": "C:\\Users\\ASUS\\Downloads\\Biru Kuning Putih Modern Sidang Skripsi Presentasi (1).pdf",
    "to": "C:\\Users\\ASUS\\Downloads\\Documents\\Biru Kuning Putih Modern Sidang Skripsi Presentasi (1).pdf"
  },
  {
    "action": "MOVE",
    "from": "C:\\Users\\ASUS\\Downloads\\Chapter 04 Struktur Filter edited.pdf",
    "to": "C:\\Users\\ASUS\\Downloads\\Documents\\Chapter 04 Struktur Filter edited.pdf"
  },
  {
    "action": "MOVE",
    "from": "C:\\Users\\ASUS\\Downloads\\BonjourPSSetup.exe",
    "to": "C:\\Users\\ASUS\\Downloads\\Executables\\BonjourPSSetup.exe"
  },
  {
    "action": "MOVE",
    "from": "C:\\Users\\ASUS\\Downloads\\10_Dhimas Ardinata Putra Pamungkas - Job5PSD2.pdf",
    "to": "C:\\Users\\ASUS\\Downloads\\Documents\\10_Dhimas Ardinata Putra Pamungkas - Job5PSD2.pdf"
  },
  {
    "action": "MOVE",
    "from": "C:\\Users\\ASUS\\Downloads\\Composer-Setup.exe",
    "to": "C:\\Users\\ASUS\\Downloads\\Executables\\Composer-Setup.exe"
  },
  {
    "action": "MOVE",
    "from": "C:\\Users\\ASUS\\Downloads\\Biru Kuning Putih Modern Sidang Skripsi Presentasi.pdf",
    "to": "C:\\Users\\ASUS\\Downloads\\Documents\\Biru Kuning Putih Modern Sidang Skripsi Presentasi.pdf"
  },
  {
    "action": "MOVE",
    "from": "C:\\Users\\ASUS\\Downloads\\Draft Proposal TA 2.docx",
    "to": "C:\\Users\\ASUS\\Downloads\\Documents\\Draft Proposal TA 2.docx"
  },
  {
    "action": "MOVE",
    "from": "C:\\Users\\ASUS\\Downloads\\driver_booster_setup.exe",
    "to": "C:\\Users\\ASUS\\Downloads\\Executables\\driver_booster_setup.exe"
  },
  {
    "action": "MOVE",
    "from": "C:\\Users\\ASUS\\Downloads\\ESPAsyncTCP-main.zip",
    "to": "C:\\Users\\ASUS\\Downloads\\Archives\\ESPAsyncTCP-main.zip"
  },
  {
    "action": "MOVE",
    "from": "C:\\Users\\ASUS\\Downloads\\Chapter 05 Desain FIR.pdf",
    "to": "C:\\Users\\ASUS\\Downloads\\Documents\\Chapter 05 Desain FIR.pdf"
  },
  {
    "action": "MOVE",
    "from": "C:\\Users\\ASUS\\Downloads\\Epson_L3210_Series_EM_50_Web.exe",
    "to": "C:\\Users\\ASUS\\Downloads\\Executables\\Epson_L3210_Series_EM_50_Web.exe"
  },
  {
    "action": "MOVE",
    "from": "C:\\Users\\ASUS\\Downloads\\7z2501-x64.exe",
    "to": "C:\\Users\\ASUS\\Downloads\\Executables\\7z2501-x64.exe"
  },
  {
    "action": "MOVE",
    "from": "C:\\Users\\ASUS\\Downloads\\10_Dhimas Ardinata Putra Pamungkas - Job4PSD2.pdf",
    "to": "C:\\Users\\ASUS\\Downloads\\Documents\\10_Dhimas Ardinata Putra Pamungkas - Job4PSD2.pdf"
  },
  {
    "action": "MOVE",
    "from": "C:\\Users\\ASUS\\Downloads\\gateway-control fix - Copy.rar",
    "to": "C:\\Users\\ASUS\\Downloads\\Archives\\gateway-control fix - Copy.rar"
  },
  {
    "action": "MOVE",
    "from": "C:\\Users\\ASUS\\Downloads\\Advanced_IP_Scanner_2.5.4594.1.exe",
    "to": "C:\\Users\\ASUS\\Downloads\\Executables\\Advanced_IP_Scanner_2.5.4594.1.exe"
  },
  {
    "action": "MOVE",
    "from": "C:\\Users\\ASUS\\Downloads\\FileZilla_3.69.3_win64_sponsored2-setup.exe",
    "to": "C:\\Users\\ASUS\\Downloads\\Executables\\FileZilla_3.69.3_win64_sponsored2-setup.exe"
  },
  {
    "action": "MOVE",
    "from": "C:\\Users\\ASUS\\Downloads\\HeidiSQL_12.12.0.7122_Setup.exe",
    "to": "C:\\Users\\ASUS\\Downloads\\Executables\\HeidiSQL_12.12.0.7122_Setup.exe"
  },
  {
    "action": "MOVE",
    "from": "C:\\Users\\ASUS\\Downloads\\Git-2.51.0.2-64-bit.exe",
    "to": "C:\\Users\\ASUS\\Downloads\\Executables\\Git-2.51.0.2-64-bit.exe"
  },
  {
    "action": "MOVE",
    "from": "C:\\Users\\ASUS\\Downloads\\gh_2.81.0_windows_amd64.msi",
    "to": "C:\\Users\\ASUS\\Downloads\\Executables\\gh_2.81.0_windows_amd64.msi"
  },
  {
    "action": "MOVE",
    "from": "C:\\Users\\ASUS\\Downloads\\Job 06 Implementasi FIR.docx",
    "to": "C:\\Users\\ASUS\\Downloads\\Documents\\Job 06 Implementasi FIR.docx"
  },
  {
    "action": "MOVE",
    "from": "C:\\Users\\ASUS\\Downloads\\cmake-4.1.2-windows-x86_64.msi",
    "to": "C:\\Users\\ASUS\\Downloads\\Executables\\cmake-4.1.2-windows-x86_64.msi"
  },
  {
    "action": "MOVE",
    "from": "C:\\Users\\ASUS\\Downloads\\JetBrainsMono-2.304.zip",
    "to": "C:\\Users\\ASUS\\Downloads\\Archives\\JetBrainsMono-2.304.zip"
  },
  {
    "action": "MOVE",
    "from": "C:\\Users\\ASUS\\Downloads\\Irigasi Sawah Kendal (Platform.io)-20251102T145839Z-1-001.zip",
    "to": "C:\\Users\\ASUS\\Downloads\\Archives\\Irigasi Sawah Kendal (Platform.io)-20251102T145839Z-1-001.zip"
  },
  {
    "action": "MOVE",
    "from": "C:\\Users\\ASUS\\Downloads\\Job 06 Implementasi FIR.pdf",
    "to": "C:\\Users\\ASUS\\Downloads\\Documents\\Job 06 Implementasi FIR.pdf"
  },
  {
    "action": "MOVE",
    "from": "C:\\Users\\ASUS\\Downloads\\JetBrainsMono-2.304",
    "to": "C:\\Users\\ASUS\\Downloads\\Fonts\\JetBrainsMono-2.304"
  },
  {
    "action": "MOVE",
    "from": "C:\\Users\\ASUS\\Downloads\\Job khusus 02 Pengolahan Sinyal Suara.pdf",
    "to": "C:\\Users\\ASUS\\Downloads\\Documents\\Job khusus 02 Pengolahan Sinyal Suara.pdf"
  },
  {
    "action": "MOVE",
    "from": "C:\\Users\\ASUS\\Downloads\\ex1.pdf",
    "to": "C:\\Users\\ASUS\\Downloads\\Documents\\ex1.pdf"
  },
  {
    "action": "MOVE",
    "from": "C:\\Users\\ASUS\\Downloads\\List Soal TE-4A.xlsx - Sheet1.pdf",
    "to": "C:\\Users\\ASUS\\Downloads\\Documents\\List Soal TE-4A.xlsx - Sheet1.pdf"
  },
  {
    "action": "MOVE",
    "from": "C:\\Users\\ASUS\\Downloads\\Laporan_QPSK_Proteus_Dhimas.docx",
    "to": "C:\\Users\\ASUS\\Downloads\\Documents\\Laporan_QPSK_Proteus_Dhimas.docx"
  },
  {
    "action": "MOVE",
    "from": "C:\\Users\\ASUS\\Downloads\\lubuntu-24.04.3-desktop-amd64.iso",
    "to": "C:\\Users\\ASUS\\Downloads\\Disk Images\\lubuntu-24.04.3-desktop-amd64.iso"
  },
  {
    "action": "MOVE",
    "from": "C:\\Users\\ASUS\\Downloads\\mariadb-11.8.3-winx64.msi",
    "to": "C:\\Users\\ASUS\\Downloads\\Executables\\mariadb-11.8.3-winx64.msi"
  },
  {
    "action": "MOVE",
    "from": "C:\\Users\\ASUS\\Downloads\\dbeaver-ce-25.2.3-x86_64-setup.exe",
    "to": "C:\\Users\\ASUS\\Downloads\\Executables\\dbeaver-ce-25.2.3-x86_64-setup.exe"
  },
  {
    "action": "MOVE",
    "from": "C:\\Users\\ASUS\\Downloads\\Laporan Magang Dhimas Ardinata Putra Pamungkas (rev 3).docx",
    "to": "C:\\Users\\ASUS\\Downloads\\Documents\\Laporan Magang Dhimas Ardinata Putra Pamungkas (rev 3).docx"
  },
  {
    "action": "MOVE",
    "from": "C:\\Users\\ASUS\\Downloads\\Job 07 IIR.pdf",
    "to": "C:\\Users\\ASUS\\Downloads\\Documents\\Job 07 IIR.pdf"
  },
  {
    "action": "MOVE",
    "from": "C:\\Users\\ASUS\\Downloads\\diagram QPSK.docx",
    "to": "C:\\Users\\ASUS\\Downloads\\Documents\\diagram QPSK.docx"
  },
  {
    "action": "MOVE",
    "from": "C:\\Users\\ASUS\\Downloads\\msys2-x86_64-20250830.exe",
    "to": "C:\\Users\\ASUS\\Downloads\\Executables\\msys2-x86_64-20250830.exe"
  },
  {
    "action": "MOVE",
    "from": "C:\\Users\\ASUS\\Downloads\\Atomic web.zip",
    "to": "C:\\Users\\ASUS\\Downloads\\Archives\\Atomic web.zip"
  },
  {
    "action": "MOVE",
    "from": "C:\\Users\\ASUS\\Downloads\\Kuliah.rar",
    "to": "C:\\Users\\ASUS\\Downloads\\Archives\\Kuliah.rar"
  },
  {
    "action": "MOVE",
    "from": "C:\\Users\\ASUS\\Downloads\\MNTB2240.rar",
    "to": "C:\\Users\\ASUS\\Downloads\\Archives\\MNTB2240.rar"
  },
  {
    "action": "MOVE",
    "from": "C:\\Users\\ASUS\\Downloads\\Bab 6 AI Tugas 01 Simulasi Regresi Linier.pdf",
    "to": "C:\\Users\\ASUS\\Downloads\\Documents\\Bab 6 AI Tugas 01 Simulasi Regresi Linier.pdf"
  },
  {
    "action": "MOVE",
    "from": "C:\\Users\\ASUS\\Downloads\\Monik Controling Salatiga (Platform.io)-20251102T145844Z-1-001.zip",
    "to": "C:\\Users\\ASUS\\Downloads\\Archives\\Monik Controling Salatiga (Platform.io)-20251102T145844Z-1-001.zip"
  },
  {
    "action": "MOVE",
    "from": "C:\\Users\\ASUS\\Downloads\\nmap-7.98-setup.exe",
    "to": "C:\\Users\\ASUS\\Downloads\\Executables\\nmap-7.98-setup.exe"
  },
  {
    "action": "MOVE",
    "from": "C:\\Users\\ASUS\\Downloads\\Monik Monitoring Salatiga (Platform.io)-20251102T145849Z-1-001.zip",
    "to": "C:\\Users\\ASUS\\Downloads\\Archives\\Monik Monitoring Salatiga (Platform.io)-20251102T145849Z-1-001.zip"
  },
  {
    "action": "MOVE",
    "from": "C:\\Users\\ASUS\\Downloads\\php-8.4.14-nts-Win32-vs17-x64.zip",
    "to": "C:\\Users\\ASUS\\Downloads\\Archives\\php-8.4.14-nts-Win32-vs17-x64.zip"
  },
  {
    "action": "MOVE",
    "from": "C:\\Users\\ASUS\\Downloads\\Praktikum Regresi Linear.pdf",
    "to": "C:\\Users\\ASUS\\Downloads\\Documents\\Praktikum Regresi Linear.pdf"
  },
  {
    "action": "MOVE",
    "from": "C:\\Users\\ASUS\\Downloads\\node fix.rar",
    "to": "C:\\Users\\ASUS\\Downloads\\Archives\\node fix.rar"
  },
  {
    "action": "MOVE",
    "from": "C:\\Users\\ASUS\\Downloads\\Packet_Tracer822_64bit_setup_signed.exe",
    "to": "C:\\Users\\ASUS\\Downloads\\Executables\\Packet_Tracer822_64bit_setup_signed.exe"
  },
  {
    "action": "MOVE",
    "from": "C:\\Users\\ASUS\\Downloads\\PRTPRO90SP2.rar",
    "to": "C:\\Users\\ASUS\\Downloads\\Archives\\PRTPRO90SP2.rar"
  },
  {
    "action": "MOVE",
    "from": "C:\\Users\\ASUS\\Downloads\\Praktikum Uji Hipotesis.pdf",
    "to": "C:\\Users\\ASUS\\Downloads\\Documents\\Praktikum Uji Hipotesis.pdf"
  },
  {
    "action": "MOVE",
    "from": "C:\\Users\\ASUS\\Downloads\\octave-10.3.0-w64-installer.exe",
    "to": "C:\\Users\\ASUS\\Downloads\\Executables\\octave-10.3.0-w64-installer.exe"
  },
  {
    "action": "MOVE",
    "from": "C:\\Users\\ASUS\\Downloads\\Radio Frequency and Microwave Communication Circuits.pdf",
    "to": "C:\\Users\\ASUS\\Downloads\\Documents\\Radio Frequency and Microwave Communication Circuits.pdf"
  },
  {
    "action": "MOVE",
    "from": "C:\\Users\\ASUS\\Downloads\\python-manager-25.0.msix",
    "to": "C:\\Users\\ASUS\\Downloads\\Executables\\python-manager-25.0.msix"
  },
  {
    "action": "MOVE",
    "from": "C:\\Users\\ASUS\\Downloads\\Postman (x64).exe",
    "to": "C:\\Users\\ASUS\\Downloads\\Executables\\Postman (x64).exe"
  },
  {
    "action": "MOVE",
    "from": "C:\\Users\\ASUS\\Downloads\\SqlDumpSplittr.exe",
    "to": "C:\\Users\\ASUS\\Downloads\\Executables\\SqlDumpSplittr.exe"
  },
  {
    "action": "MOVE",
    "from": "C:\\Users\\ASUS\\Downloads\\python-3.14.0-amd64.exe",
    "to": "C:\\Users\\ASUS\\Downloads\\Executables\\python-3.14.0-amd64.exe"
  },
  {
    "action": "MOVE",
    "from": "C:\\Users\\ASUS\\Downloads\\Mosiban (Platform.io)-20251102T145859Z-1-001.zip",
    "to": "C:\\Users\\ASUS\\Downloads\\Archives\\Mosiban (Platform.io)-20251102T145859Z-1-001.zip"
  },
  {
    "action": "MOVE",
    "from": "C:\\Users\\ASUS\\Downloads\\sensor_2025-10-14_to_2025-10-17.xlsx",
    "to": "C:\\Users\\ASUS\\Downloads\\Documents\\sensor_2025-10-14_to_2025-10-17.xlsx"
  },
  {
    "action": "MOVE",
    "from": "C:\\Users\\ASUS\\Downloads\\VNC-Viewer-7.15.1-Windows.exe",
    "to": "C:\\Users\\ASUS\\Downloads\\Executables\\VNC-Viewer-7.15.1-Windows.exe"
  },
  {
    "action": "MOVE",
    "from": "C:\\Users\\ASUS\\Downloads\\node-v22.20.0-x64.msi",
    "to": "C:\\Users\\ASUS\\Downloads\\Executables\\node-v22.20.0-x64.msi"
  },
  {
    "action": "MOVE",
    "from": "C:\\Users\\ASUS\\Downloads\\WirelessLan_DCH_QualcommAtheros_Z_V12.0.0.1272_39083 (1).exe",
    "to": "C:\\Users\\ASUS\\Downloads\\Executables\\WirelessLan_DCH_QualcommAtheros_Z_V12.0.0.1272_39083 (1).exe"
  },
  {
    "action": "MOVE",
    "from": "C:\\Users\\ASUS\\Downloads\\web cooling panel surya-20251102T145946Z-1-001.zip",
    "to": "C:\\Users\\ASUS\\Downloads\\Archives\\web cooling panel surya-20251102T145946Z-1-001.zip"
  },
  {
    "action": "MOVE",
    "from": "C:\\Users\\ASUS\\Downloads\\WhatsApp Installer.exe",
    "to": "C:\\Users\\ASUS\\Downloads\\Executables\\WhatsApp Installer.exe"
  },
  {
    "action": "MOVE",
    "from": "C:\\Users\\ASUS\\Downloads\\VirtualBox-7.2.2-170484-Win.exe",
    "to": "C:\\Users\\ASUS\\Downloads\\Executables\\VirtualBox-7.2.2-170484-Win.exe"
  },
  {
    "action": "MOVE",
    "from": "C:\\Users\\ASUS\\Downloads\\WirelessLan_DCH_QualcommAtheros_Z_V12.0.0.1272_39083.exe",
    "to": "C:\\Users\\ASUS\\Downloads\\Executables\\WirelessLan_DCH_QualcommAtheros_Z_V12.0.0.1272_39083.exe"
  },
  {
    "action": "MOVE",
    "from": "C:\\Users\\ASUS\\Downloads\\version.dll",
    "to": "C:\\Users\\ASUS\\Downloads\\Executables\\version.dll"
  },
  {
    "action": "MOVE",
    "from": "C:\\Users\\ASUS\\Downloads\\RealVNC-Connect-Installer-3.2.0-Windows.exe",
    "to": "C:\\Users\\ASUS\\Downloads\\Executables\\RealVNC-Connect-Installer-3.2.0-Windows.exe"
  },
  {
    "action": "MOVE",
    "from": "C:\\Users\\ASUS\\Downloads\\Minitab.22.4.0.x64",
    "to": "C:\\Users\\ASUS\\Downloads\\Executables\\Minitab.22.4.0.x64"
  },
  {
    "action": "MOVE",
    "from": "C:\\Users\\ASUS\\Downloads\\vs_BuildTools.exe",
    "to": "C:\\Users\\ASUS\\Downloads\\Executables\\vs_BuildTools.exe"
  },
  {
    "action": "MOVE",
    "from": "C:\\Users\\ASUS\\Downloads\\VSCodeUserSetup-x64-1.105.0.exe",
    "to": "C:\\Users\\ASUS\\Downloads\\Executables\\VSCodeUserSetup-x64-1.105.0.exe"
  }
]